1234,1.png,Altered
1234,0.png,Altered
1234,0.png,Altered
1234,6.png,Altered
1234,6.png,Altered
1234,6.png,Original
1234,6.png,Altered
1234,6.png,Altered
1234,6.png,Original
1234,6.png,Altered
1234,6.png,Original
1234,6.png,Altered
1234,6.png,Original
1234,7.png,Altered
1234,7.png,Original
1234,7.png,Altered
1234,7.png,Altered
1234,7.png,Altered
1234,7.png,Original
1234,0.png,Altered
1234,0.png,Altered
1234,0.png,Altered
1234,0.png,Altered
1234,0.png,Altered
1234,0.png,Altered
1234,0.png,Altered
1234,0.png,Altered
1234,0.png,Altered
1234,1.png,Altered
1234,1.png,Original
1234,1.png,Altered
1234,1.png,Original
1234,4.png,Altered
1234,4.png,Original
1234,4.png,Altered
1234,4.png,Original
1234,4.png,Altered
1234,4.png,Original
1234,4.png,Altered
1234,4.png,Original
1234,4.png,Altered
1234,5.png,Altered
1234,5.png,Original
1234,5.png,test
1234,1.png,Altered
1234,5.png,Altered
1234,6.png,Original
1234,1.png,Altered
1234,7.png,Original
1234,6.png,Original
1234,1.png,Altered
1234,1.png,Altered
1234,4.png,Original
1234,8.png,Altered
1234,2.png,Altered
1234,0.png,Altered
