undefined,5.png,Altered
undefined,1.png,Original
undefined,1.png,Original
undefined,0.png,Altered
undefined,5.png,Altered
undefined,7.png,Original
undefined,3.png,Altered
undefined,3.png,Original
undefined,3.png,No Response
undefined,5.png,No Response
undefined,7.png,No Response
undefined,7.png,No Response
undefined,2.png,No Response
undefined,3.png,No Response
undefined,8.png,No Response
undefined,4.png,No Response
undefined,0.png,No Response
undefined,3.png,No Response
undefined,0.png,No Response
undefined,4.png,No Response
undefined,4.png,No Response
undefined,8.png,No Response
undefined,1.png,No Response
undefined,8.png,No Response
undefined,8.png,No Response
undefined,3.png,No Response
undefined,2.png,No Response
undefined,1.png,No Response
undefined,0.png,No Response
undefined,8.png,No Response
undefined,6.png,No Response
undefined,7.png,No Response
undefined,8.png,No Response
undefined,7.png,No Response
undefined,4.png,No Response
undefined,3.png,No Response
undefined,5.png,No Response
undefined,7.png,No Response
undefined,3.png,No Response
undefined,4.png,No Response
undefined,8.png,No Response
undefined,6.png,Altered
undefined,6.png,Original
undefined,3.png,No Response
undefined,2.png,No Response
undefined,0.png,No Response
undefined,8.png,No Response
undefined,1.png,No Response
undefined,2.png,No Response
undefined,6.png,No Response
undefined,1.png,No Response
undefined,0.png,No Response
undefined,3.png,No Response
undefined,6.png,No Response
undefined,3.png,No Response
undefined,2.png,No Response
undefined,7.png,No Response
undefined,5.png,No Response
undefined,3.png,No Response
undefined,8.png,No Response
undefined,7.png,No Response
undefined,4.png,No Response
undefined,1.png,No Response
undefined,3.png,No Response
undefined,1.png,No Response
undefined,1.png,No Response
undefined,4.png,No Response
undefined,3.png,No Response
undefined,3.png,No Response
undefined,0.png,No Response
undefined,3.png,No Response
undefined,8.png,No Response
undefined,1.png,No Response
undefined,6.png,No Response
undefined,2.png,No Response
undefined,3.png,No Response
undefined,3.png,No Response
undefined,2.png,No Response
undefined,0.png,No Response
undefined,3.png,No Response
undefined,0.png,No Response
undefined,2.png,No Response
undefined,3.png,No Response
undefined,2.png,No Response
undefined,5.png,No Response
undefined,6.png,No Response
undefined,4.png,No Response
undefined,6.png,No Response
undefined,5.png,No Response
undefined,7.png,No Response
undefined,6.png,No Response
undefined,3.png,No Response
undefined,8.png,No Response
undefined,3.png,No Response
undefined,3.png,No Response
undefined,5.png,No Response
undefined,3.png,No Response
undefined,5.png,No Response
undefined,3.png,No Response
undefined,2.png,No Response
undefined,7.png,No Response
undefined,1.png,No Response
undefined,7.png,No Response
undefined,4.png,No Response
undefined,1.png,No Response
undefined,7.png,No Response
undefined,0.png,No Response
undefined,2.png,No Response
undefined,0.png,No Response
undefined,4.png,No Response
undefined,2.png,No Response
undefined,0.png,No Response
